Continent,Year,Disease,Value
Africa,1990,Cancers,111.615
Africa,1990,Cardiovascular,353.96074074074073
Africa,1990,Dementia,23.450555555555553
Africa,1990,Diharreal,161.12203703703705
Africa,1990,HIV/AIDS,46.61037037037037
Africa,1990,Malaria,77.8362962962963
Africa,1990,Malnutrition,38.702962962962964
Africa,1990,Smoking,95.22
Africa,1990,Tuberculosis,132.52166666666668
Africa,1991,Cancers,111.75462962962963
Africa,1991,Cardiovascular,351.3662962962963
Africa,1991,Dementia,23.464444444444442
Africa,1991,Diharreal,158.75518518518518
Africa,1991,HIV/AIDS,60.891666666666666
Africa,1991,Malaria,79.20037037037036
Africa,1991,Malnutrition,37.55722222222222
Africa,1991,Smoking,94.64018518518517
Africa,1991,Tuberculosis,131.0762962962963
Africa,1992,Cancers,112.21814814814815
Africa,1992,Cardiovascular,350.1051851851852
Africa,1992,Dementia,23.50074074074074
Africa,1992,Diharreal,156.23777777777778
Africa,1992,HIV/AIDS,77.78907407407407
Africa,1992,Malaria,79.03962962962963
Africa,1992,Malnutrition,36.566296296296294
Africa,1992,Smoking,94.42129629629629
Africa,1992,Tuberculosis,130.535
Africa,1993,Cancers,112.43722222222222
Africa,1993,Cardiovascular,349.0112962962963
Africa,1993,Dementia,23.514074074074074
Africa,1993,Diharreal,154.38500000000002
Africa,1993,HIV/AIDS,97.1075925925926
Africa,1993,Malaria,80.54444444444444
Africa,1993,Malnutrition,35.63222222222222
Africa,1993,Smoking,94.1962962962963
Africa,1993,Tuberculosis,130.2598148148148
Africa,1994,Cancers,113.00685185185185
Africa,1994,Cardiovascular,348.332037037037
Africa,1994,Dementia,23.546296296296298
Africa,1994,Diharreal,157.03185185185183
Africa,1994,HIV/AIDS,118.08555555555556
Africa,1994,Malaria,80.88611111111112
Africa,1994,Malnutrition,34.54833333333334
Africa,1994,Smoking,94.11611111111112
Africa,1994,Tuberculosis,130.32574074074074
Africa,1995,Cancers,113.79925925925926
Africa,1995,Cardiovascular,348.467962962963
Africa,1995,Dementia,23.607222222222223
Africa,1995,Diharreal,151.2801851851852
Africa,1995,HIV/AIDS,139.83981481481482
Africa,1995,Malaria,80.75111111111111
Africa,1995,Malnutrition,33.51555555555555
Africa,1995,Smoking,94.2662962962963
Africa,1995,Tuberculosis,130.3814814814815
Africa,1996,Cancers,114.29555555555555
Africa,1996,Cardiovascular,347.6140740740741
Africa,1996,Dementia,23.68351851851852
Africa,1996,Diharreal,147.22648148148147
Africa,1996,HIV/AIDS,161.3809259259259
Africa,1996,Malaria,83.1848148148148
Africa,1996,Malnutrition,32.47240740740741
Africa,1996,Smoking,93.79962962962964
Africa,1996,Tuberculosis,128.97518518518518
Africa,1997,Cancers,114.94148148148149
Africa,1997,Cardiovascular,346.73592592592587
Africa,1997,Dementia,23.779074074074074
Africa,1997,Diharreal,142.25444444444443
Africa,1997,HIV/AIDS,182.51000000000002
Africa,1997,Malaria,84.69240740740742
Africa,1997,Malnutrition,31.229074074074077
Africa,1997,Smoking,93.3274074074074
Africa,1997,Tuberculosis,126.78166666666667
Africa,1998,Cancers,115.57703703703703
Africa,1998,Cardiovascular,345.70796296296294
Africa,1998,Dementia,23.885555555555555
Africa,1998,Diharreal,137.40296296296296
Africa,1998,HIV/AIDS,202.59037037037035
Africa,1998,Malaria,84.5988888888889
Africa,1998,Malnutrition,30.285925925925927
Africa,1998,Smoking,92.50166666666667
Africa,1998,Tuberculosis,125.18222222222222
Africa,1999,Cancers,115.82148148148147
Africa,1999,Cardiovascular,344.0633333333333
Africa,1999,Dementia,23.965185185185184
Africa,1999,Diharreal,132.7924074074074
Africa,1999,HIV/AIDS,220.6261111111111
Africa,1999,Malaria,83.66851851851852
Africa,1999,Malnutrition,29.190185185185186
Africa,1999,Smoking,91.10574074074074
Africa,1999,Tuberculosis,123.22907407407408
Africa,2000,Cancers,116.1774074074074
Africa,2000,Cardiovascular,342.37074074074076
Africa,2000,Dementia,24.102037037037036
Africa,2000,Diharreal,128.35833333333335
Africa,2000,HIV/AIDS,236.05444444444444
Africa,2000,Malaria,83.01425925925925
Africa,2000,Malnutrition,28.048518518518517
Africa,2000,Smoking,89.70944444444446
Africa,2000,Tuberculosis,121.54092592592593
Africa,2001,Cancers,116.11537037037036
Africa,2001,Cardiovascular,339.6427777777778
Africa,2001,Dementia,24.13203703703704
Africa,2001,Diharreal,122.9612962962963
Africa,2001,HIV/AIDS,247.7298148148148
Africa,2001,Malaria,83.60222222222222
Africa,2001,Malnutrition,26.624814814814815
Africa,2001,Smoking,88.16925925925926
Africa,2001,Tuberculosis,118.06722222222223
Africa,2002,Cancers,116.78407407407407
Africa,2002,Cardiovascular,339.6075925925926
Africa,2002,Dementia,24.334074074074074
Africa,2002,Diharreal,117.46074074074075
Africa,2002,HIV/AIDS,255.56777777777776
Africa,2002,Malaria,79.53277777777777
Africa,2002,Malnutrition,25.739814814814817
Africa,2002,Smoking,87.07055555555556
Africa,2002,Tuberculosis,115.03611111111111
Africa,2003,Cancers,117.26166666666667
Africa,2003,Cardiovascular,338.1561111111111
Africa,2003,Dementia,24.405925925925928
Africa,2003,Diharreal,111.46703703703704
Africa,2003,HIV/AIDS,258.76685185185187
Africa,2003,Malaria,82.44092592592594
Africa,2003,Malnutrition,24.412037037037038
Africa,2003,Smoking,85.75092592592593
Africa,2003,Tuberculosis,111.95092592592593
Africa,2004,Cancers,117.69148148148149
Africa,2004,Cardiovascular,336.1377777777777
Africa,2004,Dementia,24.544444444444448
Africa,2004,Diharreal,107.01944444444445
Africa,2004,HIV/AIDS,255.16185185185185
Africa,2004,Malaria,77.81888888888889
Africa,2004,Malnutrition,23.47833333333333
Africa,2004,Smoking,84.17074074074074
Africa,2004,Tuberculosis,108.89648148148147
Africa,2005,Cancers,117.57574074074074
Africa,2005,Cardiovascular,332.7714814814815
Africa,2005,Dementia,24.647407407407407
Africa,2005,Diharreal,103.32944444444445
Africa,2005,HIV/AIDS,243.16518518518518
Africa,2005,Malaria,75.1225925925926
Africa,2005,Malnutrition,22.56296296296296
Africa,2005,Smoking,82.42648148148147
Africa,2005,Tuberculosis,105.30222222222221
Africa,2006,Cancers,117.33592592592593
Africa,2006,Cardiovascular,330.0651851851852
Africa,2006,Dementia,24.77074074074074
Africa,2006,Diharreal,100.08759259259259
Africa,2006,HIV/AIDS,225.24833333333333
Africa,2006,Malaria,71.93796296296297
Africa,2006,Malnutrition,21.476481481481482
Africa,2006,Smoking,80.72111111111111
Africa,2006,Tuberculosis,102.37277777777778
Africa,2007,Cancers,117.09777777777778
Africa,2007,Cardiovascular,326.9109259259259
Africa,2007,Dementia,24.752962962962965
Africa,2007,Diharreal,95.95018518518519
Africa,2007,HIV/AIDS,204.2151851851852
Africa,2007,Malaria,70.63722222222222
Africa,2007,Malnutrition,20.419629629629632
Africa,2007,Smoking,78.96296296296296
Africa,2007,Tuberculosis,99.59185185185186
Africa,2008,Cancers,117.32148148148147
Africa,2008,Cardiovascular,325.7251851851852
Africa,2008,Dementia,24.852777777777778
Africa,2008,Diharreal,92.60537037037037
Africa,2008,HIV/AIDS,182.6324074074074
Africa,2008,Malaria,67.94888888888889
Africa,2008,Malnutrition,19.380185185185184
Africa,2008,Smoking,77.57444444444444
Africa,2008,Tuberculosis,96.99333333333334
Africa,2009,Cancers,117.62962962962963
Africa,2009,Cardiovascular,324.3053703703704
Africa,2009,Dementia,24.89462962962963
Africa,2009,Diharreal,89.05351851851853
Africa,2009,HIV/AIDS,165.25555555555553
Africa,2009,Malaria,65.32203703703703
Africa,2009,Malnutrition,18.36740740740741
Africa,2009,Smoking,76.32222222222221
Africa,2009,Tuberculosis,94.17
Africa,2010,Cancers,117.7274074074074
Africa,2010,Cardiovascular,321.772962962963
Africa,2010,Dementia,24.958703703703705
Africa,2010,Diharreal,85.2824074074074
Africa,2010,HIV/AIDS,151.38777777777776
Africa,2010,Malaria,64.10833333333333
Africa,2010,Malnutrition,18.666481481481483
Africa,2010,Smoking,74.81185185185186
Africa,2010,Tuberculosis,90.95962962962962
Africa,2011,Cancers,117.64185185185185
Africa,2011,Cardiovascular,319.2664814814815
Africa,2011,Dementia,25.0287037037037
Africa,2011,Diharreal,81.92925925925927
Africa,2011,HIV/AIDS,139.79425925925926
Africa,2011,Malaria,62.364444444444445
Africa,2011,Malnutrition,17.99388888888889
Africa,2011,Smoking,73.37796296296295
Africa,2011,Tuberculosis,87.74851851851852
Africa,2012,Cancers,117.89703703703705
Africa,2012,Cardiovascular,317.70944444444444
Africa,2012,Dementia,25.084629629629628
Africa,2012,Diharreal,78.7535185185185
Africa,2012,HIV/AIDS,130.10685185185184
Africa,2012,Malaria,59.532592592592586
Africa,2012,Malnutrition,16.1312962962963
Africa,2012,Smoking,72.22518518518518
Africa,2012,Tuberculosis,84.95925925925927
Africa,2013,Cancers,118.06203703703704
Africa,2013,Cardiovascular,315.89185185185187
Africa,2013,Dementia,25.12185185185185
Africa,2013,Diharreal,76.35462962962963
Africa,2013,HIV/AIDS,121.54555555555555
Africa,2013,Malaria,56.30240740740741
Africa,2013,Malnutrition,15.554259259259258
Africa,2013,Smoking,71.10777777777778
Africa,2013,Tuberculosis,82.6574074074074
Africa,2014,Cancers,118.2211111111111
Africa,2014,Cardiovascular,313.75518518518516
Africa,2014,Dementia,25.076666666666668
Africa,2014,Diharreal,73.97722222222222
Africa,2014,HIV/AIDS,114.48666666666666
Africa,2014,Malaria,52.73222222222222
Africa,2014,Malnutrition,15.06
Africa,2014,Smoking,70.05981481481481
Africa,2014,Tuberculosis,80.6274074074074
Africa,2015,Cancers,118.29870370370371
Africa,2015,Cardiovascular,313.78037037037035
Africa,2015,Dementia,25.126296296296296
Africa,2015,Diharreal,71.67814814814814
Africa,2015,HIV/AIDS,107.48407407407406
Africa,2015,Malaria,49.87148148148148
Africa,2015,Malnutrition,14.67314814814815
Africa,2015,Smoking,69.23388888888888
Africa,2015,Tuberculosis,78.31037037037038
Africa,2016,Cancers,118.21222222222222
Africa,2016,Cardiovascular,311.3722222222222
Africa,2016,Dementia,25.116666666666667
Africa,2016,Diharreal,69.46314814814815
Africa,2016,HIV/AIDS,99.92703703703704
Africa,2016,Malaria,48.76907407407408
Africa,2016,Malnutrition,14.28037037037037
Africa,2016,Smoking,68.2125925925926
Africa,2016,Tuberculosis,75.55314814814814
Africa,2017,Cancers,118.3712962962963
Africa,2017,Cardiovascular,309.32666666666665
Africa,2017,Dementia,25.181296296296296
Africa,2017,Diharreal,67.50833333333333
Africa,2017,HIV/AIDS,92.23611111111111
Africa,2017,Malaria,45.798148148148144
Africa,2017,Malnutrition,13.92222222222222
Africa,2017,Smoking,67.26037037037037
Africa,2017,Tuberculosis,72.6362962962963
Africa,2018,Cancers,118.98796296296297
Africa,2018,Cardiovascular,308.2175925925926
Africa,2018,Dementia,25.285370370370373
Africa,2018,Diharreal,63.913333333333334
Africa,2018,HIV/AIDS,85.2162962962963
Africa,2018,Malaria,45.35055555555555
Africa,2018,Malnutrition,13.251666666666667
Africa,2018,Smoking,66.4687037037037
Africa,2018,Tuberculosis,69.5788888888889
Africa,2019,Cancers,118.76722222222223
Africa,2019,Cardiovascular,305.96037037037036
Africa,2019,Dementia,25.33648148148148
Africa,2019,Diharreal,61.068518518518516
Africa,2019,HIV/AIDS,80.63907407407407
Africa,2019,Malaria,45.401296296296294
Africa,2019,Malnutrition,12.700555555555555
Africa,2019,Smoking,65.49222222222222
Africa,2019,Tuberculosis,67.0038888888889
Asia,1990,Cancers,127.05061224489795
Asia,1990,Cardiovascular,427.4867346938775
Asia,1990,Dementia,23.158979591836733
Asia,1990,Diharreal,41.88979591836735
Asia,1990,HIV/AIDS,0.39591836734693875
Asia,1990,Malaria,6.030816326530612
Asia,1990,Malnutrition,9.408163265306122
Asia,1990,Smoking,155.89489795918368
Asia,1990,Tuberculosis,41.06755102040816
Asia,1991,Cancers,126.81448979591836
Asia,1991,Cardiovascular,427.924693877551
Asia,1991,Dementia,23.19938775510204
Asia,1991,Diharreal,40.44469387755102
Asia,1991,HIV/AIDS,0.5830612244897959
Asia,1991,Malaria,5.846938775510204
Asia,1991,Malnutrition,8.646122448979593
Asia,1991,Smoking,154.8869387755102
Asia,1991,Tuberculosis,39.898979591836735
Asia,1992,Cancers,127.06632653061224
Asia,1992,Cardiovascular,431.9540816326531
Asia,1992,Dementia,23.275510204081634
Asia,1992,Diharreal,38.91510204081632
Asia,1992,HIV/AIDS,0.8522448979591837
Asia,1992,Malaria,5.2234693877551015
Asia,1992,Malnutrition,8.024489795918367
Asia,1992,Smoking,154.51020408163265
Asia,1992,Tuberculosis,39.19183673469388
Asia,1993,Cancers,127.28979591836735
Asia,1993,Cardiovascular,435.9430612244898
Asia,1993,Dementia,23.34122448979592
Asia,1993,Diharreal,37.37326530612245
Asia,1993,HIV/AIDS,1.2385714285714284
Asia,1993,Malaria,4.8008163265306125
Asia,1993,Malnutrition,7.472244897959183
Asia,1993,Smoking,154.2242857142857
Asia,1993,Tuberculosis,38.41102040816326
Asia,1994,Cancers,127.09204081632653
Asia,1994,Cardiovascular,437.19469387755106
Asia,1994,Dementia,23.39204081632653
Asia,1994,Diharreal,35.78183673469388
Asia,1994,HIV/AIDS,1.6583673469387756
Asia,1994,Malaria,4.1020408163265305
Asia,1994,Malnutrition,6.9832653061224494
Asia,1994,Smoking,153.3530612244898
Asia,1994,Tuberculosis,37.58408163265306
Asia,1995,Cancers,126.75877551020409
Asia,1995,Cardiovascular,434.61673469387756
Asia,1995,Dementia,23.434897959183672
Asia,1995,Diharreal,34.058571428571426
Asia,1995,HIV/AIDS,2.190204081632653
Asia,1995,Malaria,3.672857142857143
Asia,1995,Malnutrition,18.206122448979592
Asia,1995,Smoking,152.14020408163265
Asia,1995,Tuberculosis,36.69857142857143
Asia,1996,Cancers,126.46775510204081
Asia,1996,Cardiovascular,432.62020408163266
Asia,1996,Dementia,23.47020408163265
Asia,1996,Diharreal,32.276326530612245
Asia,1996,HIV/AIDS,2.7328571428571427
Asia,1996,Malaria,3.431428571428572
Asia,1996,Malnutrition,14.18061224489796
Asia,1996,Smoking,150.38448979591837
Asia,1996,Tuberculosis,35.66469387755102
Asia,1997,Cancers,125.7965306122449
Asia,1997,Cardiovascular,430.82714285714286
Asia,1997,Dementia,23.51061224489796
Asia,1997,Diharreal,30.702040816326534
Asia,1997,HIV/AIDS,3.2620408163265306
Asia,1997,Malaria,3.5895918367346935
Asia,1997,Malnutrition,14.00204081632653
Asia,1997,Smoking,148.0730612244898
Asia,1997,Tuberculosis,34.674285714285716
Asia,1998,Cancers,125.0073469387755
Asia,1998,Cardiovascular,428.4114285714286
Asia,1998,Dementia,23.550204081632653
Asia,1998,Diharreal,29.176326530612247
Asia,1998,HIV/AIDS,3.7712244897959186
Asia,1998,Malaria,3.2426530612244897
Asia,1998,Malnutrition,13.963061224489797
Asia,1998,Smoking,145.39020408163265
Asia,1998,Tuberculosis,33.62020408163266
Asia,1999,Cancers,124.24224489795918
Asia,1999,Cardiovascular,426.34367346938774
Asia,1999,Dementia,23.556122448979593
Asia,1999,Diharreal,27.621428571428574
Asia,1999,HIV/AIDS,4.231020408163265
Asia,1999,Malaria,3.201020408163265
Asia,1999,Malnutrition,14.126530612244899
Asia,1999,Smoking,142.65183673469386
Asia,1999,Tuberculosis,32.471428571428575
Asia,2000,Cancers,123.23734693877552
Asia,2000,Cardiovascular,423.0589795918367
Asia,2000,Dementia,23.546530612244897
Asia,2000,Diharreal,26.078367346938773
Asia,2000,HIV/AIDS,4.60938775510204
Asia,2000,Malaria,2.227551020408163
Asia,2000,Malnutrition,13.431836734693876
Asia,2000,Smoking,139.7430612244898
Asia,2000,Tuberculosis,31.46
Asia,2001,Cancers,121.97918367346938
Asia,2001,Cardiovascular,418.7867346938775
Asia,2001,Dementia,23.53816326530612
Asia,2001,Diharreal,24.344081632653058
Asia,2001,HIV/AIDS,4.917142857142857
Asia,2001,Malaria,2.1748979591836735
Asia,2001,Malnutrition,12.942653061224489
Asia,2001,Smoking,136.66591836734693
Asia,2001,Tuberculosis,30.138367346938775
Asia,2002,Cancers,122.06040816326531
Asia,2002,Cardiovascular,420.7979591836734
Asia,2002,Dementia,23.613673469387752
Asia,2002,Diharreal,22.793673469387755
Asia,2002,HIV/AIDS,5.086734693877551
Asia,2002,Malaria,2.560204081632653
Asia,2002,Malnutrition,12.500204081632653
Asia,2002,Smoking,135.6922448979592
Asia,2002,Tuberculosis,28.738979591836735
Asia,2003,Cancers,122.36836734693878
Asia,2003,Cardiovascular,420.58183673469387
Asia,2003,Dementia,23.64591836734694
Asia,2003,Diharreal,21.401020408163266
Asia,2003,HIV/AIDS,5.182448979591837
Asia,2003,Malaria,2.3177551020408163
Asia,2003,Malnutrition,3.7
Asia,2003,Smoking,134.22040816326532
Asia,2003,Tuberculosis,27.45244897959184
Asia,2004,Cancers,122.24836734693878
Asia,2004,Cardiovascular,417.4167346938775
Asia,2004,Dementia,23.677551020408163
Asia,2004,Diharreal,19.92612244897959
Asia,2004,HIV/AIDS,5.192448979591837
Asia,2004,Malaria,2.4548979591836737
Asia,2004,Malnutrition,3.3908163265306124
Asia,2004,Smoking,131.82183673469387
Asia,2004,Tuberculosis,25.950408163265305
Asia,2005,Cancers,122.5704081632653
Asia,2005,Cardiovascular,416.3218367346939
Asia,2005,Dementia,23.741020408163266
Asia,2005,Diharreal,18.75387755102041
Asia,2005,HIV/AIDS,5.098979591836735
Asia,2005,Malaria,2.2591836734693875
Asia,2005,Malnutrition,3.135918367346939
Asia,2005,Smoking,130.2695918367347
Asia,2005,Tuberculosis,24.6934693877551
Asia,2006,Cancers,122.51142857142858
Asia,2006,Cardiovascular,411.68163265306123
Asia,2006,Dementia,23.801020408163264
Asia,2006,Diharreal,17.71816326530612
Asia,2006,HIV/AIDS,4.826734693877551
Asia,2006,Malaria,2.260204081632653
Asia,2006,Malnutrition,2.89265306122449
Asia,2006,Smoking,128.04755102040815
Asia,2006,Tuberculosis,23.366938775510203
Asia,2007,Cancers,122.07142857142857
Asia,2007,Cardiovascular,402.87102040816325
Asia,2007,Dementia,23.833877551020407
Asia,2007,Diharreal,16.762448979591838
Asia,2007,HIV/AIDS,4.521020408163265
Asia,2007,Malaria,2.219183673469388
Asia,2007,Malnutrition,2.682857142857143
Asia,2007,Smoking,125.2261224489796
Asia,2007,Tuberculosis,21.992244897959182
Asia,2008,Cancers,122.14448979591836
Asia,2008,Cardiovascular,396.619387755102
Asia,2008,Dementia,23.89020408163265
Asia,2008,Diharreal,15.924285714285714
Asia,2008,HIV/AIDS,4.249591836734694
Asia,2008,Malaria,2.3016326530612243
Asia,2008,Malnutrition,2.519387755102041
Asia,2008,Smoking,123.08734693877551
Asia,2008,Tuberculosis,20.701632653061225
Asia,2009,Cancers,121.81285714285714
Asia,2009,Cardiovascular,388.5673469387755
Asia,2009,Dementia,23.92795918367347
Asia,2009,Diharreal,15.019795918367347
Asia,2009,HIV/AIDS,4.045918367346939
Asia,2009,Malaria,1.997142857142857
Asia,2009,Malnutrition,2.3657142857142857
Asia,2009,Smoking,120.39591836734694
Asia,2009,Tuberculosis,19.51408163265306
Asia,2010,Cancers,121.61163265306124
Asia,2010,Cardiovascular,383.18285714285713
Asia,2010,Dementia,23.937551020408165
Asia,2010,Diharreal,14.20673469387755
Asia,2010,HIV/AIDS,3.8875510204081634
Asia,2010,Malaria,2.126122448979592
Asia,2010,Malnutrition,2.245714285714286
Asia,2010,Smoking,118.15775510204082
Asia,2010,Tuberculosis,18.395714285714284
Asia,2011,Cancers,121.29673469387755
Asia,2011,Cardiovascular,377.42612244897964
Asia,2011,Dementia,23.939183673469387
Asia,2011,Diharreal,13.522244897959185
Asia,2011,HIV/AIDS,3.7716326530612245
Asia,2011,Malaria,1.5171428571428571
Asia,2011,Malnutrition,2.1346938775510202
Asia,2011,Smoking,116.0361224489796
Asia,2011,Tuberculosis,17.350408163265307
Asia,2012,Cancers,120.60816326530613
Asia,2012,Cardiovascular,370.6338775510204
Asia,2012,Dementia,23.953673469387756
Asia,2012,Diharreal,12.750408163265305
Asia,2012,HIV/AIDS,3.6851020408163264
Asia,2012,Malaria,1.2289795918367348
Asia,2012,Malnutrition,2.036326530612245
Asia,2012,Smoking,113.5465306122449
Asia,2012,Tuberculosis,16.391020408163264
Asia,2013,Cancers,119.62326530612245
Asia,2013,Cardiovascular,363.8683673469388
Asia,2013,Dementia,23.97612244897959
Asia,2013,Diharreal,12.158979591836735
Asia,2013,HIV/AIDS,3.6046938775510204
Asia,2013,Malaria,0.8402040816326531
Asia,2013,Malnutrition,1.9518367346938776
Asia,2013,Smoking,111.07857142857144
Asia,2013,Tuberculosis,15.57265306122449
Asia,2014,Cancers,119.0108163265306
Asia,2014,Cardiovascular,358.9616326530612
Asia,2014,Dementia,24.006122448979593
Asia,2014,Diharreal,11.594489795918367
Asia,2014,HIV/AIDS,3.5406122448979596
Asia,2014,Malaria,0.8230612244897959
Asia,2014,Malnutrition,1.8834693877551019
Asia,2014,Smoking,109.33918367346939
Asia,2014,Tuberculosis,14.93265306122449
Asia,2015,Cancers,118.83795918367348
Asia,2015,Cardiovascular,357.2816326530612
Asia,2015,Dementia,23.989183673469388
Asia,2015,Diharreal,11.07816326530612
Asia,2015,HIV/AIDS,3.383265306122449
Asia,2015,Malaria,0.6861224489795917
Asia,2015,Malnutrition,1.8183673469387753
Asia,2015,Smoking,107.94265306122448
Asia,2015,Tuberculosis,14.259387755102042
Asia,2016,Cancers,118.6008163265306
Asia,2016,Cardiovascular,354.41734693877555
Asia,2016,Dementia,24.028775510204085
Asia,2016,Diharreal,10.64795918367347
Asia,2016,HIV/AIDS,3.183673469387755
Asia,2016,Malaria,0.6344897959183674
Asia,2016,Malnutrition,1.7451020408163267
Asia,2016,Smoking,106.56795918367347
Asia,2016,Tuberculosis,13.684081632653061
Asia,2017,Cancers,118.12551020408162
Asia,2017,Cardiovascular,351.10632653061225
Asia,2017,Dementia,24.036938775510205
Asia,2017,Diharreal,10.433673469387756
Asia,2017,HIV/AIDS,2.9712244897959184
Asia,2017,Malaria,0.6275510204081632
Asia,2017,Malnutrition,1.6818367346938774
Asia,2017,Smoking,105.29122448979591
Asia,2017,Tuberculosis,13.116122448979594
Asia,2018,Cancers,117.61979591836734
Asia,2018,Cardiovascular,345.2181632653061
Asia,2018,Dementia,23.998775510204084
Asia,2018,Diharreal,9.977755102040817
Asia,2018,HIV/AIDS,2.7738775510204086
Asia,2018,Malaria,0.5681632653061224
Asia,2018,Malnutrition,1.613469387755102
Asia,2018,Smoking,103.66408163265307
Asia,2018,Tuberculosis,12.506326530612244
Asia,2019,Cancers,117.37530612244899
Asia,2019,Cardiovascular,341.0910204081633
Asia,2019,Dementia,23.95795918367347
Asia,2019,Diharreal,9.486122448979591
Asia,2019,HIV/AIDS,2.608979591836735
Asia,2019,Malaria,0.6065306122448979
Asia,2019,Malnutrition,1.5602040816326532
Asia,2019,Smoking,102.36632653061224
Asia,2019,Tuberculosis,11.975714285714284
Europe,1990,Cancers,167.95
Europe,1990,Cardiovascular,396.9461904761905
Europe,1990,Dementia,21.845714285714287
Europe,1990,Diharreal,0.8333333333333334
Europe,1990,HIV/AIDS,1.0561904761904761
Europe,1990,Malaria,0.0
Europe,1990,Malnutrition,0.2735714285714286
Europe,1990,Smoking,153.435
Europe,1990,Tuberculosis,2.804047619047619
Europe,1991,Cancers,167.95904761904762
Europe,1991,Cardiovascular,394.18285714285713
Europe,1991,Dementia,21.903809523809525
Europe,1991,Diharreal,0.8154761904761905
Europe,1991,HIV/AIDS,1.2726190476190478
Europe,1991,Malaria,0.0
Europe,1991,Malnutrition,0.2733333333333333
Europe,1991,Smoking,152.43976190476192
Europe,1991,Tuberculosis,2.7795238095238095
Europe,1992,Cancers,167.7538095238095
Europe,1992,Cardiovascular,391.74333333333334
Europe,1992,Dementia,21.962142857142858
Europe,1992,Diharreal,0.8121428571428572
Europe,1992,HIV/AIDS,1.510952380952381
Europe,1992,Malaria,0.0
Europe,1992,Malnutrition,0.27142857142857146
Europe,1992,Smoking,151.9192857142857
Europe,1992,Tuberculosis,2.8023809523809526
Europe,1993,Cancers,168.95761904761906
Europe,1993,Cardiovascular,397.2447619047619
Europe,1993,Dementia,22.041190476190476
Europe,1993,Diharreal,0.7902380952380952
Europe,1993,HIV/AIDS,1.7592857142857143
Europe,1993,Malaria,0.0
Europe,1993,Malnutrition,0.2707142857142857
Europe,1993,Smoking,153.4295238095238
Europe,1993,Tuberculosis,2.969047619047619
Europe,1994,Cancers,169.01285714285714
Europe,1994,Cardiovascular,397.3554761904762
Europe,1994,Dementia,22.080714285714286
Europe,1994,Diharreal,0.795
Europe,1994,HIV/AIDS,2.0823809523809524
Europe,1994,Malaria,0.0
Europe,1994,Malnutrition,0.2702380952380952
Europe,1994,Smoking,153.3504761904762
Europe,1994,Tuberculosis,3.139047619047619
Europe,1995,Cancers,168.59595238095238
Europe,1995,Cardiovascular,393.68
Europe,1995,Dementia,22.121904761904762
Europe,1995,Diharreal,0.7235714285714285
Europe,1995,HIV/AIDS,2.4292857142857143
Europe,1995,Malaria,0.0
Europe,1995,Malnutrition,0.2735714285714286
Europe,1995,Smoking,151.9802380952381
Europe,1995,Tuberculosis,3.193095238095238
Europe,1996,Cancers,166.0392857142857
Europe,1996,Cardiovascular,383.28714285714284
Europe,1996,Dementia,22.11904761904762
Europe,1996,Diharreal,0.6678571428571429
Europe,1996,HIV/AIDS,2.276190476190476
Europe,1996,Malaria,0.0
Europe,1996,Malnutrition,0.27
Europe,1996,Smoking,147.4540476190476
Europe,1996,Tuberculosis,3.0507142857142857
Europe,1997,Cancers,164.91619047619048
Europe,1997,Cardiovascular,376.5780952380953
Europe,1997,Dementia,22.12404761904762
Europe,1997,Diharreal,0.6269047619047619
Europe,1997,HIV/AIDS,1.7447619047619047
Europe,1997,Malaria,0.0
Europe,1997,Malnutrition,0.27
Europe,1997,Smoking,144.36285714285714
Europe,1997,Tuberculosis,2.9083333333333337
Europe,1998,Cancers,163.89309523809524
Europe,1998,Cardiovascular,367.62619047619046
Europe,1998,Dementia,22.117619047619048
Europe,1998,Diharreal,0.6071428571428571
Europe,1998,HIV/AIDS,1.5314285714285714
Europe,1998,Malaria,0.0
Europe,1998,Malnutrition,0.2661904761904762
Europe,1998,Smoking,141.0
Europe,1998,Tuberculosis,2.7966666666666664
Europe,1999,Cancers,163.1992857142857
Europe,1999,Cardiovascular,360.69571428571425
Europe,1999,Dementia,22.117380952380955
Europe,1999,Diharreal,0.599047619047619
Europe,1999,HIV/AIDS,1.581190476190476
Europe,1999,Malaria,0.0
Europe,1999,Malnutrition,0.27380952380952384
Europe,1999,Smoking,138.21166666666667
Europe,1999,Tuberculosis,2.741904761904762
Europe,2000,Cancers,161.72166666666666
Europe,2000,Cardiovascular,351.62142857142857
Europe,2000,Dementia,22.101190476190474
Europe,2000,Diharreal,0.6052380952380952
Europe,2000,HIV/AIDS,1.5588095238095239
Europe,2000,Malaria,0.0
Europe,2000,Malnutrition,0.2733333333333333
Europe,2000,Smoking,134.56833333333333
Europe,2000,Tuberculosis,2.6735714285714285
Europe,2001,Cancers,161.27833333333334
Europe,2001,Cardiovascular,347.71999999999997
Europe,2001,Dementia,22.113809523809522
Europe,2001,Diharreal,0.608095238095238
Europe,2001,HIV/AIDS,1.4957142857142858
Europe,2001,Malaria,0.0
Europe,2001,Malnutrition,0.27095238095238094
Europe,2001,Smoking,132.3252380952381
Europe,2001,Tuberculosis,2.6535714285714285
Europe,2002,Cancers,161.3764285714286
Europe,2002,Cardiovascular,345.6816666666667
Europe,2002,Dementia,22.138095238095236
Europe,2002,Diharreal,0.6285714285714286
Europe,2002,HIV/AIDS,1.4664285714285714
Europe,2002,Malaria,0.0
Europe,2002,Malnutrition,0.2730952380952381
Europe,2002,Smoking,130.82380952380953
Europe,2002,Tuberculosis,2.6128571428571425
Europe,2003,Cancers,161.1542857142857
Europe,2003,Cardiovascular,341.2364285714286
Europe,2003,Dementia,22.158571428571427
Europe,2003,Diharreal,0.6533333333333333
Europe,2003,HIV/AIDS,1.52
Europe,2003,Malaria,0.0
Europe,2003,Malnutrition,0.2723809523809524
Europe,2003,Smoking,128.6561904761905
Europe,2003,Tuberculosis,2.5404761904761903
Europe,2004,Cancers,160.18238095238095
Europe,2004,Cardiovascular,330.53000000000003
Europe,2004,Dementia,22.077380952380953
Europe,2004,Diharreal,0.6604761904761905
Europe,2004,HIV/AIDS,1.5252380952380953
Europe,2004,Malaria,0.0
Europe,2004,Malnutrition,0.26261904761904764
Europe,2004,Smoking,125.2792857142857
Europe,2004,Tuberculosis,2.4307142857142856
Europe,2005,Cancers,160.4261904761905
Europe,2005,Cardiovascular,326.3992857142857
Europe,2005,Dementia,22.055238095238096
Europe,2005,Diharreal,0.6869047619047619
Europe,2005,HIV/AIDS,1.6857142857142857
Europe,2005,Malaria,0.0
Europe,2005,Malnutrition,0.25857142857142856
Europe,2005,Smoking,124.15976190476191
Europe,2005,Tuberculosis,2.426428571428571
Europe,2006,Cancers,159.37333333333333
Europe,2006,Cardiovascular,316.4792857142857
Europe,2006,Dementia,22.010238095238094
Europe,2006,Diharreal,0.7152380952380952
Europe,2006,HIV/AIDS,1.6885714285714286
Europe,2006,Malaria,0.0
Europe,2006,Malnutrition,0.255
Europe,2006,Smoking,120.72238095238096
Europe,2006,Tuberculosis,2.275952380952381
Europe,2007,Cancers,159.41023809523807
Europe,2007,Cardiovascular,309.5090476190476
Europe,2007,Dementia,21.99904761904762
Europe,2007,Diharreal,0.7516666666666667
Europe,2007,HIV/AIDS,1.7273809523809522
Europe,2007,Malaria,0.0
Europe,2007,Malnutrition,0.2542857142857143
Europe,2007,Smoking,118.51738095238095
Europe,2007,Tuberculosis,2.1654761904761903
Europe,2008,Cancers,158.44761904761904
Europe,2008,Cardiovascular,300.06190476190477
Europe,2008,Dementia,21.969761904761906
Europe,2008,Diharreal,0.7814285714285715
Europe,2008,HIV/AIDS,1.7571428571428571
Europe,2008,Malaria,0.0
Europe,2008,Malnutrition,0.2528571428571429
Europe,2008,Smoking,115.38380952380952
Europe,2008,Tuberculosis,2.002857142857143
Europe,2009,Cancers,157.25190476190477
Europe,2009,Cardiovascular,290.0985714285714
Europe,2009,Dementia,21.915238095238095
Europe,2009,Diharreal,0.8090476190476191
Europe,2009,HIV/AIDS,1.6997619047619048
Europe,2009,Malaria,0.0
Europe,2009,Malnutrition,0.250952380952381
Europe,2009,Smoking,112.19404761904761
Europe,2009,Tuberculosis,1.8057142857142858
Europe,2010,Cancers,155.89261904761904
Europe,2010,Cardiovascular,282.09333333333336
Europe,2010,Dementia,21.862857142857145
Europe,2010,Diharreal,0.8276190476190476
Europe,2010,HIV/AIDS,1.694761904761905
Europe,2010,Malaria,0.0
Europe,2010,Malnutrition,0.25047619047619046
Europe,2010,Smoking,109.61071428571428
Europe,2010,Tuberculosis,1.6902380952380955
Europe,2011,Cancers,154.21214285714285
Europe,2011,Cardiovascular,273.23
Europe,2011,Dementia,21.847619047619048
Europe,2011,Diharreal,0.8395238095238095
Europe,2011,HIV/AIDS,1.7033333333333331
Europe,2011,Malaria,0.0
Europe,2011,Malnutrition,0.2519047619047619
Europe,2011,Smoking,106.69642857142857
Europe,2011,Tuberculosis,1.5319047619047619
Europe,2012,Cancers,152.95214285714286
Europe,2012,Cardiovascular,266.3192857142857
Europe,2012,Dementia,21.869285714285713
Europe,2012,Diharreal,0.858095238095238
Europe,2012,HIV/AIDS,1.649761904761905
Europe,2012,Malaria,0.0
Europe,2012,Malnutrition,0.2538095238095238
Europe,2012,Smoking,104.33833333333334
Europe,2012,Tuberculosis,1.4202380952380953
Europe,2013,Cancers,151.2645238095238
Europe,2013,Cardiovascular,259.8985714285714
Europe,2013,Dementia,21.861904761904764
Europe,2013,Diharreal,0.8697619047619047
Europe,2013,HIV/AIDS,1.5002380952380951
Europe,2013,Malaria,0.0
Europe,2013,Malnutrition,0.2557142857142857
Europe,2013,Smoking,101.83047619047619
Europe,2013,Tuberculosis,1.3135714285714286
Europe,2014,Cancers,149.80357142857142
Europe,2014,Cardiovascular,255.24642857142857
Europe,2014,Dementia,21.84452380952381
Europe,2014,Diharreal,0.8642857142857142
Europe,2014,HIV/AIDS,1.5552380952380953
Europe,2014,Malaria,0.0
Europe,2014,Malnutrition,0.2545238095238095
Europe,2014,Smoking,100.06904761904761
Europe,2014,Tuberculosis,1.2314285714285713
Europe,2015,Cancers,149.92142857142858
Europe,2015,Cardiovascular,255.30714285714285
Europe,2015,Dementia,21.88904761904762
Europe,2015,Diharreal,0.8711904761904763
Europe,2015,HIV/AIDS,1.5699999999999998
Europe,2015,Malaria,0.0
Europe,2015,Malnutrition,0.25976190476190475
Europe,2015,Smoking,100.06904761904761
Europe,2015,Tuberculosis,1.2183333333333333
Europe,2016,Cancers,147.86357142857145
Europe,2016,Cardiovascular,249.565
Europe,2016,Dementia,21.836666666666666
Europe,2016,Diharreal,0.8561904761904762
Europe,2016,HIV/AIDS,1.5676190476190477
Europe,2016,Malaria,0.0
Europe,2016,Malnutrition,0.25785714285714284
Europe,2016,Smoking,97.79738095238095
Europe,2016,Tuberculosis,1.1414285714285715
Europe,2017,Cancers,146.34047619047618
Europe,2017,Cardiovascular,246.04309523809522
Europe,2017,Dementia,21.789523809523807
Europe,2017,Diharreal,0.8283333333333334
Europe,2017,HIV/AIDS,1.4995238095238095
Europe,2017,Malaria,0.0
Europe,2017,Malnutrition,0.25476190476190474
Europe,2017,Smoking,96.1745238095238
Europe,2017,Tuberculosis,1.0726190476190476
Europe,2018,Cancers,145.68
Europe,2018,Cardiovascular,245.05428571428573
Europe,2018,Dementia,21.74309523809524
Europe,2018,Diharreal,0.7933333333333333
Europe,2018,HIV/AIDS,1.4576190476190476
Europe,2018,Malaria,0.0
Europe,2018,Malnutrition,0.24714285714285716
Europe,2018,Smoking,95.23071428571428
Europe,2018,Tuberculosis,1.0502380952380952
Europe,2019,Cancers,144.96452380952383
Europe,2019,Cardiovascular,242.6935714285714
Europe,2019,Dementia,21.65833333333333
Europe,2019,Diharreal,0.7666666666666667
Europe,2019,HIV/AIDS,1.4176190476190476
Europe,2019,Malaria,0.0
Europe,2019,Malnutrition,0.24238095238095236
Europe,2019,Smoking,94.1504761904762
Europe,2019,Tuberculosis,1.0304761904761905
Latin America and the Caribbean,1990,Cancers,138.2697142857143
Latin America and the Caribbean,1990,Cardiovascular,316.94085714285717
Latin America and the Caribbean,1990,Dementia,21.833142857142857
Latin America and the Caribbean,1990,Diharreal,24.409714285714287
Latin America and the Caribbean,1990,HIV/AIDS,8.8
Latin America and the Caribbean,1990,Malaria,1.8545714285714285
Latin America and the Caribbean,1990,Malnutrition,13.242857142857142
Latin America and the Caribbean,1990,Smoking,83.66314285714286
Latin America and the Caribbean,1990,Tuberculosis,14.568857142857144
Latin America and the Caribbean,1991,Cancers,136.86428571428573
Latin America and the Caribbean,1991,Cardiovascular,306.4
Latin America and the Caribbean,1991,Dementia,21.774857142857144
Latin America and the Caribbean,1991,Diharreal,23.396571428571427
Latin America and the Caribbean,1991,HIV/AIDS,9.152571428571429
Latin America and the Caribbean,1991,Malaria,2.713142857142857
Latin America and the Caribbean,1991,Malnutrition,12.905714285714286
Latin America and the Caribbean,1991,Smoking,81.43542857142857
Latin America and the Caribbean,1991,Tuberculosis,13.830285714285715
Latin America and the Caribbean,1992,Cancers,137.2057142857143
Latin America and the Caribbean,1992,Cardiovascular,302.9
Latin America and the Caribbean,1992,Dementia,21.807142857142857
Latin America and the Caribbean,1992,Diharreal,21.897142857142857
Latin America and the Caribbean,1992,HIV/AIDS,11.125714285714285
Latin America and the Caribbean,1992,Malaria,2.4205714285714284
Latin America and the Caribbean,1992,Malnutrition,12.513428571428571
Latin America and the Caribbean,1992,Smoking,80.61514285714286
Latin America and the Caribbean,1992,Tuberculosis,13.184
Latin America and the Caribbean,1993,Cancers,137.94857142857143
Latin America and the Caribbean,1993,Cardiovascular,302.114
Latin America and the Caribbean,1993,Dementia,21.883714285714287
Latin America and the Caribbean,1993,Diharreal,20.72142857142857
Latin America and the Caribbean,1993,HIV/AIDS,13.434285714285714
Latin America and the Caribbean,1993,Malaria,2.4377142857142857
Latin America and the Caribbean,1993,Malnutrition,12.026857142857143
Latin America and the Caribbean,1993,Smoking,80.26485714285714
Latin America and the Caribbean,1993,Tuberculosis,12.481714285714286
Latin America and the Caribbean,1994,Cancers,137.65628571428573
Latin America and the Caribbean,1994,Cardiovascular,296.36942857142856
Latin America and the Caribbean,1994,Dementia,21.901714285714284
Latin America and the Caribbean,1994,Diharreal,19.30314285714286
Latin America and the Caribbean,1994,HIV/AIDS,15.952857142857143
Latin America and the Caribbean,1994,Malaria,2.3817142857142857
Latin America and the Caribbean,1994,Malnutrition,11.393714285714287
Latin America and the Caribbean,1994,Smoking,78.63114285714286
Latin America and the Caribbean,1994,Tuberculosis,11.596
Latin America and the Caribbean,1995,Cancers,137.5
Latin America and the Caribbean,1995,Cardiovascular,290.846
Latin America and the Caribbean,1995,Dementia,21.969714285714286
Latin America and the Caribbean,1995,Diharreal,17.906285714285715
Latin America and the Caribbean,1995,HIV/AIDS,17.057142857142857
Latin America and the Caribbean,1995,Malaria,2.530285714285714
Latin America and the Caribbean,1995,Malnutrition,10.612571428571428
Latin America and the Caribbean,1995,Smoking,76.78657142857142
Latin America and the Caribbean,1995,Tuberculosis,11.026857142857143
Latin America and the Caribbean,1996,Cancers,137.184
Latin America and the Caribbean,1996,Cardiovascular,284.18514285714286
Latin America and the Caribbean,1996,Dementia,22.03342857142857
Latin America and the Caribbean,1996,Diharreal,16.547428571428572
Latin America and the Caribbean,1996,HIV/AIDS,18.999142857142857
Latin America and the Caribbean,1996,Malaria,1.8717142857142859
Latin America and the Caribbean,1996,Malnutrition,10.135714285714286
Latin America and the Caribbean,1996,Smoking,75.27
Latin America and the Caribbean,1996,Tuberculosis,10.351142857142857
Latin America and the Caribbean,1997,Cancers,136.28657142857142
Latin America and the Caribbean,1997,Cardiovascular,275.3557142857143
Latin America and the Caribbean,1997,Dementia,22.044285714285714
Latin America and the Caribbean,1997,Diharreal,15.258
Latin America and the Caribbean,1997,HIV/AIDS,18.18
Latin America and the Caribbean,1997,Malaria,1.6445714285714286
Latin America and the Caribbean,1997,Malnutrition,9.725428571428571
Latin America and the Caribbean,1997,Smoking,73.20371428571428
Latin America and the Caribbean,1997,Tuberculosis,9.625142857142857
Latin America and the Caribbean,1998,Cancers,137.154
Latin America and the Caribbean,1998,Cardiovascular,270.36914285714283
Latin America and the Caribbean,1998,Dementia,22.114285714285714
Latin America and the Caribbean,1998,Diharreal,14.203714285714286
Latin America and the Caribbean,1998,HIV/AIDS,18.490571428571428
Latin America and the Caribbean,1998,Malaria,2.3297142857142856
Latin America and the Caribbean,1998,Malnutrition,9.340857142857143
Latin America and the Caribbean,1998,Smoking,72.5562857142857
Latin America and the Caribbean,1998,Tuberculosis,8.970857142857144
Latin America and the Caribbean,1999,Cancers,137.55628571428574
Latin America and the Caribbean,1999,Cardiovascular,264.2591428571429
Latin America and the Caribbean,1999,Dementia,22.16657142857143
Latin America and the Caribbean,1999,Diharreal,12.998571428571429
Latin America and the Caribbean,1999,HIV/AIDS,20.81257142857143
Latin America and the Caribbean,1999,Malaria,1.7217142857142858
Latin America and the Caribbean,1999,Malnutrition,8.884857142857143
Latin America and the Caribbean,1999,Smoking,71.472
Latin America and the Caribbean,1999,Tuberculosis,8.332285714285714
Latin America and the Caribbean,2000,Cancers,137.30371428571428
Latin America and the Caribbean,2000,Cardiovascular,257.02657142857146
Latin America and the Caribbean,2000,Dementia,22.189999999999998
Latin America and the Caribbean,2000,Diharreal,12.040571428571429
Latin America and the Caribbean,2000,HIV/AIDS,22.06885714285714
Latin America and the Caribbean,2000,Malaria,1.9254285714285715
Latin America and the Caribbean,2000,Malnutrition,8.520857142857144
Latin America and the Caribbean,2000,Smoking,69.278
Latin America and the Caribbean,2000,Tuberculosis,7.724000000000001
Latin America and the Caribbean,2001,Cancers,136.83
Latin America and the Caribbean,2001,Cardiovascular,252.00714285714287
Latin America and the Caribbean,2001,Dementia,22.211142857142857
Latin America and the Caribbean,2001,Diharreal,11.168
Latin America and the Caribbean,2001,HIV/AIDS,22.24342857142857
Latin America and the Caribbean,2001,Malaria,1.6922857142857142
Latin America and the Caribbean,2001,Malnutrition,8.315428571428573
Latin America and the Caribbean,2001,Smoking,67.86485714285715
Latin America and the Caribbean,2001,Tuberculosis,7.080857142857143
Latin America and the Caribbean,2002,Cancers,136.9722857142857
Latin America and the Caribbean,2002,Cardiovascular,248.30228571428572
Latin America and the Caribbean,2002,Dementia,22.254571428571428
Latin America and the Caribbean,2002,Diharreal,10.457142857142857
Latin America and the Caribbean,2002,HIV/AIDS,21.70342857142857
Latin America and the Caribbean,2002,Malaria,1.2422857142857142
Latin America and the Caribbean,2002,Malnutrition,7.784
Latin America and the Caribbean,2002,Smoking,66.50914285714285
Latin America and the Caribbean,2002,Tuberculosis,6.679142857142857
Latin America and the Caribbean,2003,Cancers,137.2302857142857
Latin America and the Caribbean,2003,Cardiovascular,246.04142857142858
Latin America and the Caribbean,2003,Dementia,22.31542857142857
Latin America and the Caribbean,2003,Diharreal,9.935714285714285
Latin America and the Caribbean,2003,HIV/AIDS,20.434571428571427
Latin America and the Caribbean,2003,Malaria,0.9997142857142858
Latin America and the Caribbean,2003,Malnutrition,7.434571428571428
Latin America and the Caribbean,2003,Smoking,65.814
Latin America and the Caribbean,2003,Tuberculosis,6.387428571428572
Latin America and the Caribbean,2004,Cancers,136.74342857142858
Latin America and the Caribbean,2004,Cardiovascular,242.56485714285716
Latin America and the Caribbean,2004,Dementia,22.345714285714287
Latin America and the Caribbean,2004,Diharreal,9.358285714285715
Latin America and the Caribbean,2004,HIV/AIDS,19.928285714285714
Latin America and the Caribbean,2004,Malaria,0.7062857142857143
Latin America and the Caribbean,2004,Malnutrition,7.062285714285714
Latin America and the Caribbean,2004,Smoking,64.71914285714286
Latin America and the Caribbean,2004,Tuberculosis,6.078571428571428
Latin America and the Caribbean,2005,Cancers,135.31857142857143
Latin America and the Caribbean,2005,Cardiovascular,237.2522857142857
Latin America and the Caribbean,2005,Dementia,22.30457142857143
Latin America and the Caribbean,2005,Diharreal,8.837428571428571
Latin America and the Caribbean,2005,HIV/AIDS,18.222571428571428
Latin America and the Caribbean,2005,Malaria,0.8025714285714286
Latin America and the Caribbean,2005,Malnutrition,6.714
Latin America and the Caribbean,2005,Smoking,63.10742857142858
Latin America and the Caribbean,2005,Tuberculosis,5.741428571428572
Latin America and the Caribbean,2006,Cancers,134.97114285714284
Latin America and the Caribbean,2006,Cardiovascular,232.70314285714284
Latin America and the Caribbean,2006,Dementia,22.27942857142857
Latin America and the Caribbean,2006,Diharreal,8.302571428571428
Latin America and the Caribbean,2006,HIV/AIDS,17.60914285714286
Latin America and the Caribbean,2006,Malaria,0.6391428571428571
Latin America and the Caribbean,2006,Malnutrition,6.3271428571428565
Latin America and the Caribbean,2006,Smoking,61.77742857142857
Latin America and the Caribbean,2006,Tuberculosis,5.444857142857143
Latin America and the Caribbean,2007,Cancers,135.68114285714287
Latin America and the Caribbean,2007,Cardiovascular,231.08
Latin America and the Caribbean,2007,Dementia,22.27714285714286
Latin America and the Caribbean,2007,Diharreal,7.838857142857143
Latin America and the Caribbean,2007,HIV/AIDS,16.010285714285715
Latin America and the Caribbean,2007,Malaria,0.474
Latin America and the Caribbean,2007,Malnutrition,5.985714285714286
Latin America and the Caribbean,2007,Smoking,61.31857142857143
Latin America and the Caribbean,2007,Tuberculosis,5.168571428571429
Latin America and the Caribbean,2008,Cancers,135.78571428571428
Latin America and the Caribbean,2008,Cardiovascular,228.88171428571428
Latin America and the Caribbean,2008,Dementia,22.260857142857144
Latin America and the Caribbean,2008,Diharreal,7.442571428571429
Latin America and the Caribbean,2008,HIV/AIDS,14.960285714285714
Latin America and the Caribbean,2008,Malaria,0.5682857142857143
Latin America and the Caribbean,2008,Malnutrition,5.634285714285714
Latin America and the Caribbean,2008,Smoking,60.52828571428571
Latin America and the Caribbean,2008,Tuberculosis,4.964571428571428
Latin America and the Caribbean,2009,Cancers,135.812
Latin America and the Caribbean,2009,Cardiovascular,227.22657142857145
Latin America and the Caribbean,2009,Dementia,22.276571428571426
Latin America and the Caribbean,2009,Diharreal,7.096857142857142
Latin America and the Caribbean,2009,HIV/AIDS,14.387142857142857
Latin America and the Caribbean,2009,Malaria,0.7142857142857143
Latin America and the Caribbean,2009,Malnutrition,5.307428571428571
Latin America and the Caribbean,2009,Smoking,59.70942857142857
Latin America and the Caribbean,2009,Tuberculosis,4.787714285714285
Latin America and the Caribbean,2010,Cancers,135.1017142857143
Latin America and the Caribbean,2010,Cardiovascular,224.8042857142857
Latin America and the Caribbean,2010,Dementia,22.30257142857143
Latin America and the Caribbean,2010,Diharreal,7.111999999999999
Latin America and the Caribbean,2010,HIV/AIDS,14.471428571428572
Latin America and the Caribbean,2010,Malaria,0.8991428571428571
Latin America and the Caribbean,2010,Malnutrition,5.037428571428571
Latin America and the Caribbean,2010,Smoking,58.495999999999995
Latin America and the Caribbean,2010,Tuberculosis,4.610571428571428
Latin America and the Caribbean,2011,Cancers,134.72171428571428
Latin America and the Caribbean,2011,Cardiovascular,223.018
Latin America and the Caribbean,2011,Dementia,22.292285714285715
Latin America and the Caribbean,2011,Diharreal,7.801714285714286
Latin America and the Caribbean,2011,HIV/AIDS,13.93
Latin America and the Caribbean,2011,Malaria,0.7817142857142858
Latin America and the Caribbean,2011,Malnutrition,4.7379999999999995
Latin America and the Caribbean,2011,Smoking,57.485142857142854
Latin America and the Caribbean,2011,Tuberculosis,4.377142857142857
Latin America and the Caribbean,2012,Cancers,133.7877142857143
Latin America and the Caribbean,2012,Cardiovascular,220.28571428571428
Latin America and the Caribbean,2012,Dementia,22.239428571428572
Latin America and the Caribbean,2012,Diharreal,6.354857142857143
Latin America and the Caribbean,2012,HIV/AIDS,13.683142857142856
Latin America and the Caribbean,2012,Malaria,0.7174285714285714
Latin America and the Caribbean,2012,Malnutrition,4.497142857142857
Latin America and the Caribbean,2012,Smoking,56.44828571428572
Latin America and the Caribbean,2012,Tuberculosis,4.2051428571428575
Latin America and the Caribbean,2013,Cancers,133.8457142857143
Latin America and the Caribbean,2013,Cardiovascular,220.226
Latin America and the Caribbean,2013,Dementia,22.245428571428572
Latin America and the Caribbean,2013,Diharreal,6.285142857142857
Latin America and the Caribbean,2013,HIV/AIDS,13.250285714285715
Latin America and the Caribbean,2013,Malaria,0.7122857142857143
Latin America and the Caribbean,2013,Malnutrition,4.371714285714286
Latin America and the Caribbean,2013,Smoking,55.94342857142857
Latin America and the Caribbean,2013,Tuberculosis,4.080571428571428
Latin America and the Caribbean,2014,Cancers,133.90314285714285
Latin America and the Caribbean,2014,Cardiovascular,220.5302857142857
Latin America and the Caribbean,2014,Dementia,22.252000000000002
Latin America and the Caribbean,2014,Diharreal,6.093428571428571
Latin America and the Caribbean,2014,HIV/AIDS,13.526000000000002
Latin America and the Caribbean,2014,Malaria,0.2962857142857143
Latin America and the Caribbean,2014,Malnutrition,4.304571428571428
Latin America and the Caribbean,2014,Smoking,55.46828571428571
Latin America and the Caribbean,2014,Tuberculosis,4.056
Latin America and the Caribbean,2015,Cancers,133.87257142857143
Latin America and the Caribbean,2015,Cardiovascular,220.09428571428572
Latin America and the Caribbean,2015,Dementia,22.23742857142857
Latin America and the Caribbean,2015,Diharreal,5.893142857142857
Latin America and the Caribbean,2015,HIV/AIDS,13.333428571428572
Latin America and the Caribbean,2015,Malaria,0.276
Latin America and the Caribbean,2015,Malnutrition,4.202571428571429
Latin America and the Caribbean,2015,Smoking,55.088
Latin America and the Caribbean,2015,Tuberculosis,3.925428571428571
Latin America and the Caribbean,2016,Cancers,134.39942857142856
Latin America and the Caribbean,2016,Cardiovascular,220.19914285714287
Latin America and the Caribbean,2016,Dementia,22.272
Latin America and the Caribbean,2016,Diharreal,5.821142857142857
Latin America and the Caribbean,2016,HIV/AIDS,12.420571428571428
Latin America and the Caribbean,2016,Malaria,0.3197142857142857
Latin America and the Caribbean,2016,Malnutrition,4.1334285714285715
Latin America and the Caribbean,2016,Smoking,54.800285714285714
Latin America and the Caribbean,2016,Tuberculosis,3.7545714285714284
Latin America and the Caribbean,2017,Cancers,134.33085714285713
Latin America and the Caribbean,2017,Cardiovascular,219.35342857142857
Latin America and the Caribbean,2017,Dementia,22.290857142857142
Latin America and the Caribbean,2017,Diharreal,5.575428571428572
Latin America and the Caribbean,2017,HIV/AIDS,11.82057142857143
Latin America and the Caribbean,2017,Malaria,0.3171428571428571
Latin America and the Caribbean,2017,Malnutrition,4.034857142857143
Latin America and the Caribbean,2017,Smoking,54.18
Latin America and the Caribbean,2017,Tuberculosis,3.636857142857143
Latin America and the Caribbean,2018,Cancers,134.30542857142856
Latin America and the Caribbean,2018,Cardiovascular,218.37
Latin America and the Caribbean,2018,Dementia,22.27714285714286
Latin America and the Caribbean,2018,Diharreal,5.419714285714286
Latin America and the Caribbean,2018,HIV/AIDS,11.37742857142857
Latin America and the Caribbean,2018,Malaria,0.23542857142857143
Latin America and the Caribbean,2018,Malnutrition,4.01
Latin America and the Caribbean,2018,Smoking,53.514857142857146
Latin America and the Caribbean,2018,Tuberculosis,3.5102857142857142
Latin America and the Caribbean,2019,Cancers,134.47514285714286
Latin America and the Caribbean,2019,Cardiovascular,217.418
Latin America and the Caribbean,2019,Dementia,22.239142857142856
Latin America and the Caribbean,2019,Diharreal,5.278
Latin America and the Caribbean,2019,HIV/AIDS,11.053714285714285
Latin America and the Caribbean,2019,Malaria,0.2574285714285714
Latin America and the Caribbean,2019,Malnutrition,3.974571428571429
Latin America and the Caribbean,2019,Smoking,52.901714285714284
Latin America and the Caribbean,2019,Tuberculosis,3.4042857142857144
Northern America,1990,Cancers,207.8425
Northern America,1990,Cardiovascular,324.0175
Northern America,1990,Dementia,21.849999999999998
Northern America,1990,Diharreal,1.265
Northern America,1990,HIV/AIDS,9.502500000000001
Northern America,1990,Malaria,0.0
Northern America,1990,Malnutrition,0.8975
Northern America,1990,Smoking,185.4725
Northern America,1990,Tuberculosis,5.422499999999999
Northern America,1991,Cancers,205.69
Northern America,1991,Cardiovascular,315.2975
Northern America,1991,Dementia,21.9075
Northern America,1991,Diharreal,1.2375
Northern America,1991,HIV/AIDS,8.43
Northern America,1991,Malaria,0.0
Northern America,1991,Malnutrition,0.8875
Northern America,1991,Smoking,181.7275
Northern America,1991,Tuberculosis,5.36
Northern America,1992,Cancers,202.54749999999999
Northern America,1992,Cardiovascular,305.6025
Northern America,1992,Dementia,21.9675
Northern America,1992,Diharreal,1.2
Northern America,1992,HIV/AIDS,9.605
Northern America,1992,Malaria,0.0
Northern America,1992,Malnutrition,0.8925000000000001
Northern America,1992,Smoking,177.57999999999998
Northern America,1992,Tuberculosis,5.2525
Northern America,1993,Cancers,205.94
Northern America,1993,Cardiovascular,310.3675
Northern America,1993,Dementia,22.105
Northern America,1993,Diharreal,1.2575
Northern America,1993,HIV/AIDS,11.2875
Northern America,1993,Malaria,0.0
Northern America,1993,Malnutrition,0.9225
Northern America,1993,Smoking,181.4075
Northern America,1993,Tuberculosis,5.345
Northern America,1994,Cancers,205.65
Northern America,1994,Cardiovascular,305.7525
Northern America,1994,Dementia,22.1425
Northern America,1994,Diharreal,1.2375
Northern America,1994,HIV/AIDS,11.655
Northern America,1994,Malaria,0.0
Northern America,1994,Malnutrition,0.92
Northern America,1994,Smoking,179.5475
Northern America,1994,Tuberculosis,5.114999999999999
Northern America,1995,Cancers,204.535
Northern America,1995,Cardiovascular,297.92
Northern America,1995,Dementia,22.0825
Northern America,1995,Diharreal,1.2
Northern America,1995,HIV/AIDS,10.42
Northern America,1995,Malaria,0.0
Northern America,1995,Malnutrition,0.905
Northern America,1995,Smoking,177.0125
Northern America,1995,Tuberculosis,5.022500000000001
Northern America,1996,Cancers,203.9675
Northern America,1996,Cardiovascular,292.2025
Northern America,1996,Dementia,22.105
Northern America,1996,Diharreal,1.1824999999999999
Northern America,1996,HIV/AIDS,11.055
Northern America,1996,Malaria,0.0
Northern America,1996,Malnutrition,0.89
Northern America,1996,Smoking,173.895
Northern America,1996,Tuberculosis,4.654999999999999
Northern America,1997,Cancers,201.6125
Northern America,1997,Cardiovascular,281.5425
Northern America,1997,Dementia,21.9675
Northern America,1997,Diharreal,1.165
Northern America,1997,HIV/AIDS,7.38
Northern America,1997,Malaria,0.0
Northern America,1997,Malnutrition,0.9325
Northern America,1997,Smoking,169.4025
Northern America,1997,Tuberculosis,4.5200000000000005
Northern America,1998,Cancers,200.0225
Northern America,1998,Cardiovascular,273.2875
Northern America,1998,Dementia,21.805
Northern America,1998,Diharreal,1.1600000000000001
Northern America,1998,HIV/AIDS,6.6775
Northern America,1998,Malaria,0.0
Northern America,1998,Malnutrition,0.9325
Northern America,1998,Smoking,165.125
Northern America,1998,Tuberculosis,4.0275
Northern America,1999,Cancers,199.0275
Northern America,1999,Cardiovascular,266.4375
Northern America,1999,Dementia,21.685
Northern America,1999,Diharreal,1.2
Northern America,1999,HIV/AIDS,6.79
Northern America,1999,Malaria,0.0
Northern America,1999,Malnutrition,0.9099999999999999
Northern America,1999,Smoking,161.7925
Northern America,1999,Tuberculosis,3.8874999999999997
Northern America,2000,Cancers,197.9375
Northern America,2000,Cardiovascular,257.615
Northern America,2000,Dementia,21.605
Northern America,2000,Diharreal,1.2875
Northern America,2000,HIV/AIDS,7.73
Northern America,2000,Malaria,0.0
Northern America,2000,Malnutrition,0.8825
Northern America,2000,Smoking,157.485
Northern America,2000,Tuberculosis,3.4775
Northern America,2001,Cancers,194.685
Northern America,2001,Cardiovascular,247.4575
Northern America,2001,Dementia,21.6075
Northern America,2001,Diharreal,1.3725
Northern America,2001,HIV/AIDS,6.7
Northern America,2001,Malaria,0.0
Northern America,2001,Malnutrition,0.8975
Northern America,2001,Smoking,152.825
Northern America,2001,Tuberculosis,3.1925000000000003
Northern America,2002,Cancers,192.84499999999997
Northern America,2002,Cardiovascular,239.27
Northern America,2002,Dementia,21.689999999999998
Northern America,2002,Diharreal,1.495
Northern America,2002,HIV/AIDS,6.6075
Northern America,2002,Malaria,0.0
Northern America,2002,Malnutrition,0.9075
Northern America,2002,Smoking,149.485
Northern America,2002,Tuberculosis,2.9725
Northern America,2003,Cancers,189.1325
Northern America,2003,Cardiovascular,227.385
Northern America,2003,Dementia,21.6725
Northern America,2003,Diharreal,1.61
Northern America,2003,HIV/AIDS,6.2425
Northern America,2003,Malaria,0.0
Northern America,2003,Malnutrition,0.8424999999999999
Northern America,2003,Smoking,143.85
Northern America,2003,Tuberculosis,2.63
Northern America,2004,Cancers,182.70499999999998
Northern America,2004,Cardiovascular,212.405
Northern America,2004,Dementia,21.5575
Northern America,2004,Diharreal,1.69
Northern America,2004,HIV/AIDS,5.755
Northern America,2004,Malaria,0.0
Northern America,2004,Malnutrition,0.8075
Northern America,2004,Smoking,135.245
Northern America,2004,Tuberculosis,2.335
Northern America,2005,Cancers,180.62
Northern America,2005,Cardiovascular,206.1075
Northern America,2005,Dementia,21.575
Northern America,2005,Diharreal,1.8074999999999999
Northern America,2005,HIV/AIDS,4.965
Northern America,2005,Malaria,0.0
Northern America,2005,Malnutrition,0.815
Northern America,2005,Smoking,132.23250000000002
Northern America,2005,Tuberculosis,2.165
Northern America,2006,Cancers,179.0925
Northern America,2006,Cardiovascular,199.2925
Northern America,2006,Dementia,21.525
Northern America,2006,Diharreal,1.9000000000000001
Northern America,2006,HIV/AIDS,5.04
Northern America,2006,Malaria,0.0
Northern America,2006,Malnutrition,0.8025
Northern America,2006,Smoking,129.0675
Northern America,2006,Tuberculosis,1.965
Northern America,2007,Cancers,177.59
Northern America,2007,Cardiovascular,192.44750000000002
Northern America,2007,Dementia,21.51
Northern America,2007,Diharreal,1.9774999999999998
Northern America,2007,HIV/AIDS,4.6425
Northern America,2007,Malaria,0.0
Northern America,2007,Malnutrition,0.8075000000000001
Northern America,2007,Smoking,126.0775
Northern America,2007,Tuberculosis,1.9
Northern America,2008,Cancers,176.25750000000002
Northern America,2008,Cardiovascular,186.3225
Northern America,2008,Dementia,21.53
Northern America,2008,Diharreal,2.0324999999999998
Northern America,2008,HIV/AIDS,4.47
Northern America,2008,Malaria,0.0
Northern America,2008,Malnutrition,0.7975000000000001
Northern America,2008,Smoking,123.29
Northern America,2008,Tuberculosis,1.9825
Northern America,2009,Cancers,174.6475
Northern America,2009,Cardiovascular,180.2025
Northern America,2009,Dementia,21.4725
Northern America,2009,Diharreal,2.0575
Northern America,2009,HIV/AIDS,4.1375
Northern America,2009,Malaria,0.0
Northern America,2009,Malnutrition,0.7775000000000001
Northern America,2009,Smoking,120.16999999999999
Northern America,2009,Tuberculosis,1.9625
Northern America,2010,Cancers,172.265
Northern America,2010,Cardiovascular,174.9225
Northern America,2010,Dementia,21.442500000000003
Northern America,2010,Diharreal,2.0625
Northern America,2010,HIV/AIDS,3.965
Northern America,2010,Malaria,0.0
Northern America,2010,Malnutrition,0.775
Northern America,2010,Smoking,116.87
Northern America,2010,Tuberculosis,1.87
Northern America,2011,Cancers,169.96
Northern America,2011,Cardiovascular,171.2425
Northern America,2011,Dementia,21.3675
Northern America,2011,Diharreal,2.0425
Northern America,2011,HIV/AIDS,3.835
Northern America,2011,Malaria,0.0
Northern America,2011,Malnutrition,0.7725
Northern America,2011,Smoking,114.10249999999999
Northern America,2011,Tuberculosis,1.79
Northern America,2012,Cancers,167.915
Northern America,2012,Cardiovascular,167.86
Northern America,2012,Dementia,21.33
Northern America,2012,Diharreal,2.0025
Northern America,2012,HIV/AIDS,3.66
Northern America,2012,Malaria,0.0
Northern America,2012,Malnutrition,0.7450000000000001
Northern America,2012,Smoking,111.53
Northern America,2012,Tuberculosis,1.7175
Northern America,2013,Cancers,166.14
Northern America,2013,Cardiovascular,165.1775
Northern America,2013,Dementia,21.2825
Northern America,2013,Diharreal,1.9375
Northern America,2013,HIV/AIDS,3.48
Northern America,2013,Malaria,0.0
Northern America,2013,Malnutrition,0.735
Northern America,2013,Smoking,109.225
Northern America,2013,Tuberculosis,1.6449999999999998
Northern America,2014,Cancers,164.7775
Northern America,2014,Cardiovascular,163.0975
Northern America,2014,Dementia,21.245
Northern America,2014,Diharreal,1.8824999999999998
Northern America,2014,HIV/AIDS,3.9
Northern America,2014,Malaria,0.0
Northern America,2014,Malnutrition,0.735
Northern America,2014,Smoking,107.2325
Northern America,2014,Tuberculosis,1.5825
Northern America,2015,Cancers,162.535
Northern America,2015,Cardiovascular,160.8175
Northern America,2015,Dementia,21.240000000000002
Northern America,2015,Diharreal,1.8325
Northern America,2015,HIV/AIDS,3.905
Northern America,2015,Malaria,0.0
Northern America,2015,Malnutrition,0.7424999999999999
Northern America,2015,Smoking,104.925
Northern America,2015,Tuberculosis,1.5325
Northern America,2016,Cancers,161.5025
Northern America,2016,Cardiovascular,159.785
Northern America,2016,Dementia,21.2825
Northern America,2016,Diharreal,1.7875
Northern America,2016,HIV/AIDS,3.4425
Northern America,2016,Malaria,0.0
Northern America,2016,Malnutrition,0.7525
Northern America,2016,Smoking,103.44749999999999
Northern America,2016,Tuberculosis,1.4674999999999998
Northern America,2017,Cancers,160.515
Northern America,2017,Cardiovascular,158.385
Northern America,2017,Dementia,21.31
Northern America,2017,Diharreal,1.74
Northern America,2017,HIV/AIDS,3.27
Northern America,2017,Malaria,0.0
Northern America,2017,Malnutrition,0.725
Northern America,2017,Smoking,101.8925
Northern America,2017,Tuberculosis,1.42
Northern America,2018,Cancers,160.9925
Northern America,2018,Cardiovascular,158.63
Northern America,2018,Dementia,21.3275
Northern America,2018,Diharreal,1.7275
Northern America,2018,HIV/AIDS,3.1799999999999997
Northern America,2018,Malaria,0.0
Northern America,2018,Malnutrition,0.7225
Northern America,2018,Smoking,101.3775
Northern America,2018,Tuberculosis,1.385
Northern America,2019,Cancers,160.9425
Northern America,2019,Cardiovascular,158.20999999999998
Northern America,2019,Dementia,21.28
Northern America,2019,Diharreal,1.7075
Northern America,2019,HIV/AIDS,3.1
Northern America,2019,Malaria,0.0
Northern America,2019,Malnutrition,0.72
Northern America,2019,Smoking,100.31
Northern America,2019,Tuberculosis,1.3524999999999998
Oceania,1990,Cancers,150.3245
Oceania,1990,Cardiovascular,458.837
Oceania,1990,Dementia,24.81
Oceania,1990,Diharreal,54.818
Oceania,1990,HIV/AIDS,0.85
Oceania,1990,Malaria,7.6375
Oceania,1990,Malnutrition,9.812000000000001
Oceania,1990,Smoking,205.9755
Oceania,1990,Tuberculosis,26.725
Oceania,1991,Cancers,150.4255
Oceania,1991,Cardiovascular,458.5685
Oceania,1991,Dementia,24.7785
Oceania,1991,Diharreal,53.113
Oceania,1991,HIV/AIDS,1.064
Oceania,1991,Malaria,6.2425
Oceania,1991,Malnutrition,9.6485
Oceania,1991,Smoking,203.95850000000002
Oceania,1991,Tuberculosis,26.119
Oceania,1992,Cancers,150.5565
Oceania,1992,Cardiovascular,457.983
Oceania,1992,Dementia,24.7215
Oceania,1992,Diharreal,51.411500000000004
Oceania,1992,HIV/AIDS,1.2645
Oceania,1992,Malaria,5.397
Oceania,1992,Malnutrition,9.4715
Oceania,1992,Smoking,201.9475
Oceania,1992,Tuberculosis,25.605
Oceania,1993,Cancers,150.1735
Oceania,1993,Cardiovascular,455.73900000000003
Oceania,1993,Dementia,24.6525
Oceania,1993,Diharreal,49.783
Oceania,1993,HIV/AIDS,1.4605
Oceania,1993,Malaria,5.17
Oceania,1993,Malnutrition,9.2865
Oceania,1993,Smoking,199.45850000000002
Oceania,1993,Tuberculosis,25.107999999999997
Oceania,1994,Cancers,149.3145
Oceania,1994,Cardiovascular,451.23850000000004
Oceania,1994,Dementia,24.572
Oceania,1994,Diharreal,47.9425
Oceania,1994,HIV/AIDS,1.6365000000000003
Oceania,1994,Malaria,4.0085
Oceania,1994,Malnutrition,9.057500000000001
Oceania,1994,Smoking,196.331
Oceania,1994,Tuberculosis,24.432000000000002
Oceania,1995,Cancers,148.925
Oceania,1995,Cardiovascular,448.6035
Oceania,1995,Dementia,24.4905
Oceania,1995,Diharreal,46.158
Oceania,1995,HIV/AIDS,1.7864999999999998
Oceania,1995,Malaria,4.846
Oceania,1995,Malnutrition,8.916
Oceania,1995,Smoking,194.00150000000002
Oceania,1995,Tuberculosis,23.6995
Oceania,1996,Cancers,148.67649999999998
Oceania,1996,Cardiovascular,447.06049999999993
Oceania,1996,Dementia,24.41
Oceania,1996,Diharreal,44.511
Oceania,1996,HIV/AIDS,1.971
Oceania,1996,Malaria,4.223999999999999
Oceania,1996,Malnutrition,8.7765
Oceania,1996,Smoking,192.2115
Oceania,1996,Tuberculosis,23.0085
Oceania,1997,Cancers,148.433
Oceania,1997,Cardiovascular,446.515
Oceania,1997,Dementia,24.34
Oceania,1997,Diharreal,42.7435
Oceania,1997,HIV/AIDS,2.1355
Oceania,1997,Malaria,4.1365
Oceania,1997,Malnutrition,8.6375
Oceania,1997,Smoking,190.917
Oceania,1997,Tuberculosis,22.497
Oceania,1998,Cancers,148.201
Oceania,1998,Cardiovascular,444.2885
Oceania,1998,Dementia,24.2435
Oceania,1998,Diharreal,41.3845
Oceania,1998,HIV/AIDS,2.3905000000000003
Oceania,1998,Malaria,3.7885
Oceania,1998,Malnutrition,8.5365
Oceania,1998,Smoking,188.717
Oceania,1998,Tuberculosis,21.9005
Oceania,1999,Cancers,148.1055
Oceania,1999,Cardiovascular,445.23199999999997
Oceania,1999,Dementia,24.1545
Oceania,1999,Diharreal,40.065999999999995
Oceania,1999,HIV/AIDS,2.75
Oceania,1999,Malaria,3.7019999999999995
Oceania,1999,Malnutrition,8.4155
Oceania,1999,Smoking,188.1255
Oceania,1999,Tuberculosis,21.36
Oceania,2000,Cancers,147.98899999999998
Oceania,2000,Cardiovascular,442.45200000000006
Oceania,2000,Dementia,24.0565
Oceania,2000,Diharreal,39.9875
Oceania,2000,HIV/AIDS,3.1675
Oceania,2000,Malaria,5.576
Oceania,2000,Malnutrition,8.253499999999999
Oceania,2000,Smoking,185.93699999999998
Oceania,2000,Tuberculosis,20.5535
Oceania,2001,Cancers,147.75150000000002
Oceania,2001,Cardiovascular,439.78950000000003
Oceania,2001,Dementia,23.994
Oceania,2001,Diharreal,37.5755
Oceania,2001,HIV/AIDS,3.6215
Oceania,2001,Malaria,5.892
Oceania,2001,Malnutrition,8.03
Oceania,2001,Smoking,183.748
Oceania,2001,Tuberculosis,19.9755
Oceania,2002,Cancers,147.07
Oceania,2002,Cardiovascular,435.8005
Oceania,2002,Dementia,23.926499999999997
Oceania,2002,Diharreal,36.542500000000004
Oceania,2002,HIV/AIDS,4.095000000000001
Oceania,2002,Malaria,8.7195
Oceania,2002,Malnutrition,7.755
Oceania,2002,Smoking,181.403
Oceania,2002,Tuberculosis,19.412
Oceania,2003,Cancers,146.96099999999998
Oceania,2003,Cardiovascular,431.783
Oceania,2003,Dementia,23.8345
Oceania,2003,Diharreal,35.536500000000004
Oceania,2003,HIV/AIDS,4.5505
Oceania,2003,Malaria,10.682500000000001
Oceania,2003,Malnutrition,7.505
Oceania,2003,Smoking,179.48200000000003
Oceania,2003,Tuberculosis,18.944
Oceania,2004,Cancers,146.6805
Oceania,2004,Cardiovascular,426.03100000000006
Oceania,2004,Dementia,23.715
Oceania,2004,Diharreal,34.649
Oceania,2004,HIV/AIDS,4.9335
Oceania,2004,Malaria,11.102
Oceania,2004,Malnutrition,7.239
Oceania,2004,Smoking,177.0975
Oceania,2004,Tuberculosis,18.5225
Oceania,2005,Cancers,146.1775
Oceania,2005,Cardiovascular,421.68050000000005
Oceania,2005,Dementia,23.649
Oceania,2005,Diharreal,33.86
Oceania,2005,HIV/AIDS,5.2255
Oceania,2005,Malaria,9.8535
Oceania,2005,Malnutrition,7.0280000000000005
Oceania,2005,Smoking,174.9725
Oceania,2005,Tuberculosis,18.1715
Oceania,2006,Cancers,146.4915
Oceania,2006,Cardiovascular,421.471
Oceania,2006,Dementia,23.704
Oceania,2006,Diharreal,33.1335
Oceania,2006,HIV/AIDS,5.466
Oceania,2006,Malaria,9.169999999999998
Oceania,2006,Malnutrition,6.8340000000000005
Oceania,2006,Smoking,173.9755
Oceania,2006,Tuberculosis,17.802500000000002
Oceania,2007,Cancers,146.8715
Oceania,2007,Cardiovascular,421.0245
Oceania,2007,Dementia,23.7595
Oceania,2007,Diharreal,32.2905
Oceania,2007,HIV/AIDS,5.581
Oceania,2007,Malaria,8.875
Oceania,2007,Malnutrition,6.6955
Oceania,2007,Smoking,172.97549999999998
Oceania,2007,Tuberculosis,17.456
Oceania,2008,Cancers,146.764
Oceania,2008,Cardiovascular,419.488
Oceania,2008,Dementia,23.805
Oceania,2008,Diharreal,30.996
Oceania,2008,HIV/AIDS,5.7620000000000005
Oceania,2008,Malaria,11.211500000000001
Oceania,2008,Malnutrition,6.5329999999999995
Oceania,2008,Smoking,171.392
Oceania,2008,Tuberculosis,17.003999999999998
Oceania,2009,Cancers,146.76
Oceania,2009,Cardiovascular,418.5
Oceania,2009,Dementia,23.8155
Oceania,2009,Diharreal,30.4455
Oceania,2009,HIV/AIDS,6.0489999999999995
Oceania,2009,Malaria,9.9295
Oceania,2009,Malnutrition,6.3715
Oceania,2009,Smoking,170.33049999999997
Oceania,2009,Tuberculosis,16.5965
Oceania,2010,Cancers,146.659
Oceania,2010,Cardiovascular,416.5975
Oceania,2010,Dementia,23.8295
Oceania,2010,Diharreal,29.607
Oceania,2010,HIV/AIDS,6.3535
Oceania,2010,Malaria,9.3175
Oceania,2010,Malnutrition,6.239
Oceania,2010,Smoking,168.9225
Oceania,2010,Tuberculosis,16.2045
Oceania,2011,Cancers,147.0045
Oceania,2011,Cardiovascular,415.6125
Oceania,2011,Dementia,23.832
Oceania,2011,Diharreal,28.851999999999997
Oceania,2011,HIV/AIDS,6.653499999999999
Oceania,2011,Malaria,5.991
Oceania,2011,Malnutrition,6.096
Oceania,2011,Smoking,167.868
Oceania,2011,Tuberculosis,15.731
Oceania,2012,Cancers,146.87550000000002
Oceania,2012,Cardiovascular,413.76149999999996
Oceania,2012,Dementia,23.837
Oceania,2012,Diharreal,28.014499999999998
Oceania,2012,HIV/AIDS,6.822500000000001
Oceania,2012,Malaria,4.744999999999999
Oceania,2012,Malnutrition,5.949
Oceania,2012,Smoking,166.35750000000002
Oceania,2012,Tuberculosis,15.35
Oceania,2013,Cancers,146.71800000000002
Oceania,2013,Cardiovascular,411.72650000000004
Oceania,2013,Dementia,23.813499999999998
Oceania,2013,Diharreal,27.264499999999998
Oceania,2013,HIV/AIDS,7.037000000000001
Oceania,2013,Malaria,4.1450000000000005
Oceania,2013,Malnutrition,5.831
Oceania,2013,Smoking,164.746
Oceania,2013,Tuberculosis,15.035499999999999
Oceania,2014,Cancers,146.752
Oceania,2014,Cardiovascular,409.84049999999996
Oceania,2014,Dementia,23.7785
Oceania,2014,Diharreal,26.611
Oceania,2014,HIV/AIDS,7.343999999999999
Oceania,2014,Malaria,2.9715
Oceania,2014,Malnutrition,5.7045
Oceania,2014,Smoking,163.25799999999998
Oceania,2014,Tuberculosis,14.775
Oceania,2015,Cancers,146.893
Oceania,2015,Cardiovascular,407.646
Oceania,2015,Dementia,23.7485
Oceania,2015,Diharreal,25.827999999999996
Oceania,2015,HIV/AIDS,7.7284999999999995
Oceania,2015,Malaria,2.4205
Oceania,2015,Malnutrition,5.609
Oceania,2015,Smoking,161.64100000000002
Oceania,2015,Tuberculosis,14.3135
Oceania,2016,Cancers,146.573
Oceania,2016,Cardiovascular,404.6705
Oceania,2016,Dementia,23.719
Oceania,2016,Diharreal,24.9665
Oceania,2016,HIV/AIDS,8.187000000000001
Oceania,2016,Malaria,3.407
Oceania,2016,Malnutrition,5.4745
Oceania,2016,Smoking,159.4605
Oceania,2016,Tuberculosis,13.76
Oceania,2017,Cancers,146.8085
Oceania,2017,Cardiovascular,402.956
Oceania,2017,Dementia,23.7015
Oceania,2017,Diharreal,24.2805
Oceania,2017,HIV/AIDS,8.5095
Oceania,2017,Malaria,3.132
Oceania,2017,Malnutrition,5.3805
Oceania,2017,Smoking,157.753
Oceania,2017,Tuberculosis,13.232
Oceania,2018,Cancers,147.52100000000002
Oceania,2018,Cardiovascular,401.8885
Oceania,2018,Dementia,23.734
Oceania,2018,Diharreal,23.363
Oceania,2018,HIV/AIDS,8.9455
Oceania,2018,Malaria,2.0629999999999997
Oceania,2018,Malnutrition,5.2805
Oceania,2018,Smoking,156.67149999999998
Oceania,2018,Tuberculosis,12.746
Oceania,2019,Cancers,147.3955
Oceania,2019,Cardiovascular,399.9115
Oceania,2019,Dementia,23.7755
Oceania,2019,Diharreal,22.6165
Oceania,2019,HIV/AIDS,9.389999999999999
Oceania,2019,Malaria,1.8705000000000003
Oceania,2019,Malnutrition,5.192
Oceania,2019,Smoking,155.13
Oceania,2019,Tuberculosis,12.3455
